Afghanistan;2016;010410;Sheep, live;Export;6088;2339;Number of items;51;01_live_animals
Afghanistan;2016;010420;Goats, live;Export;3958;984;Number of items;53;01_live_animals
Afghanistan;2008;010210;Bovine animals, live pure-bred breeding;Import;1026804;272;Number of items;3769;01_live_animals
Albania;2016;010290;Bovine animals, live, except pure-bred breeding;Import;2414533;1114023;Number of items;6853;01_live_animals
Albania;2016;010392;Swine, live except pure-bred breeding > 50 kg;Import;14265937;9484953;Number of items;96040;01_live_animals
Albania;2016;010511;Fowls, live domestic < 185 grams;Import;2671732;254652;Number of items;5629138;01_live_animals
Albania;2016;010511;Fowls, live domestic < 185 grams;Export;87581;5320;Number of items;115180;01_live_animals
Albania;2016;010519;Poultry, live except domestic fowls, < 185 grams;Import;26485;2908;Number of items;64000;01_live_animals
Albania;2016;010591;Fowls, live domestic > 185 grams;Import;2421513;1926850;Number of items;1006990;01_live_animals
Albania;2016;010599;Poultry, live except domestic fowls, > 185 grams;Import;251318;211177;Number of items;205124;01_live_animals
Albania;2016;010600;Animals, live, except farm animals;Export;584025;59521;Number of items;59521;01_live_animals
Albania;2015;010290;Bovine animals, live, except pure-bred breeding;Import;7264642;3519352;Number of items;18641;01_live_animals
Albania;2015;010391;Swine, live except pure-bred breeding < 50 kg;Import;45843;29930;Number of items;795;01_live_animals
Albania;2015;010392;Swine, live except pure-bred breeding > 50 kg;Import;14031292;9439974;Number of items;93222;01_live_animals
Albania;2015;010511;Fowls, live domestic < 185 grams;Import;2357680;264599;Number of items;4995885;01_live_animals
Albania;2015;010519;Poultry, live except domestic fowls, < 185 grams;Import;32327;3843;Number of items;80880;01_live_animals
Albania;2015;010591;Fowls, live domestic > 185 grams;Import;2453360;2133310;Number of items;1169944;01_live_animals
Albania;2015;010599;Poultry, live except domestic fowls, > 185 grams;Import;300813;258566;Number of items;48170912;01_live_animals
Albania;2015;010600;Animals, live, except farm animals;Export;636184;80774;Number of items;80694;01_live_animals
Albania;2014;010290;Bovine animals, live, except pure-bred breeding;Import;8158583;4080294;Number of items;18688;01_live_animals
Albania;2014;010392;Swine, live except pure-bred breeding > 50 kg;Import;13483939;8113086;Number of items;83900;01_live_animals
Albania;2014;010410;Sheep, live;Import;21633;8125;Number of items;257;01_live_animals
Albania;2014;010511;Fowls, live domestic < 185 grams;Import;2618381;209999;Number of items;4641445;01_live_animals
Albania;2014;010519;Poultry, live except domestic fowls, < 185 grams;Import;31586;3511;Number of items;64700;01_live_animals
Albania;2014;010591;Fowls, live domestic > 185 grams;Import;3722428;2715750;Number of items;1531017;01_live_animals
Albania;2014;010599;Poultry, live except domestic fowls, > 185 grams;Import;306678;217640;Number of items;245750;01_live_animals
Albania;2014;010600;Animals, live, except farm animals;Import;17544;4948;No Quantity;;01_live_animals
Albania;2013;010119;Horses, live except pure-bred breeding;Import;3598;1500;Number of items;4;01_live_animals
Albania;2013;010120;Asses, mules and hinnies, live;Import;6760;2250;Number of items;5;01_live_animals
Albania;2013;010210;Bovine animals, live pure-bred breeding;Import;153667;62050;Number of items;161;01_live_animals
Albania;2013;010290;Bovine animals, live, except pure-bred breeding;Import;9129721;4497831;Number of items;27104;01_live_animals
Albania;2013;010391;Swine, live except pure-bred breeding < 50 kg;Import;320264;139131;Number of items;3338;01_live_animals
Albania;2013;010392;Swine, live except pure-bred breeding > 50 kg;Import;12264218;7315786;Number of items;81859;01_live_animals
Albania;2013;010410;Sheep, live;Import;188979;72560;Number of items;1740;01_live_animals
Albania;2013;010420;Goats, live;Import;249889;35655;Number of items;1320;01_live_animals
Albania;2013;010511;Fowls, live domestic < 185 grams;Import;2780932;229628;Number of items;5033354;01_live_animals
Albania;2013;010519;Poultry, live except domestic fowls, < 185 grams;Import;35206;2945;Number of items;50480;01_live_animals
Albania;2013;010591;Fowls, live domestic > 185 grams;Import;3042812;2379634;Number of items;1409156;01_live_animals
Albania;2013;010599;Poultry, live except domestic fowls, > 185 grams;Import;219084;155070;Number of items;207200;01_live_animals
Albania;2013;010600;Animals, live, except farm animals;Import;816312;108525;No Quantity;;01_live_animals
Albania;2013;010600;Animals, live, except farm animals;Export;846588;99329;No Quantity;;01_live_animals
Albania;2012;010210;Bovine animals, live pure-bred breeding;Import;674257;221566;Number of items;614;01_live_animals
Albania;2012;010290;Bovine animals, live, except pure-bred breeding;Import;10979014;5556474;Number of items;29030;01_live_animals
Albania;2012;010290;Bovine animals, live, except pure-bred breeding;Export;3390;2270;Number of items;22;01_live_animals
Albania;2012;010391;Swine, live except pure-bred breeding < 50 kg;Import;254279;135936;Number of items;2680;01_live_animals
Albania;2012;010392;Swine, live except pure-bred breeding > 50 kg;Import;11492587;7066783;Number of items;78853;01_live_animals
Albania;2012;010410;Sheep, live;Import;147367;39310;Number of items;1118;01_live_animals
Albania;2012;010420;Goats, live;Import;118975;35975;Number of items;1318;01_live_animals
Albania;2012;010511;Fowls, live domestic < 185 grams;Import;2776389;280065;Number of items;5679462;01_live_animals
Albania;2012;010511;Fowls, live domestic < 185 grams;Export;2480;360;Number of items;6000;01_live_animals
Albania;2012;010519;Poultry, live except domestic fowls, < 185 grams;Import;73318;16211;Number of items;101340;01_live_animals
Albania;2012;010591;Fowls, live domestic > 185 grams;Import;1649995;2015450;Number of items;1176163;01_live_animals
Albania;2012;010599;Poultry, live except domestic fowls, > 185 grams;Import;166226;181960;Number of items;228390;01_live_animals
Albania;2012;010600;Animals, live, except farm animals;Import;1401366;208478;No Quantity;;01_live_animals
Albania;2012;010600;Animals, live, except farm animals;Export;895347;119590;No Quantity;;01_live_animals
Albania;2011;010119;Horses, live except pure-bred breeding;Import;7350;2382;Number of items;9;01_live_animals
Albania;2011;010210;Bovine animals, live pure-bred breeding;Import;802225;253186;Number of items;482;01_live_animals
Albania;2011;010290;Bovine animals, live, except pure-bred breeding;Import;12105672;5707708;Number of items;32143;01_live_animals
Albania;2011;010310;Swine, live pure-bred breeding;Import;65906;36636;Number of items;360;01_live_animals
Albania;2011;010391;Swine, live except pure-bred breeding < 50 kg;Import;222614;125434;Number of items;1970;01_live_animals
Albania;2011;010392;Swine, live except pure-bred breeding > 50 kg;Import;11838110;6800863;Number of items;79070;01_live_animals
Albania;2011;010410;Sheep, live;Import;444980;117555;Number of items;2246;01_live_animals
Albania;2011;010420;Goats, live;Import;145423;40876;Number of items;1156;01_live_animals
Albania;2011;010511;Fowls, live domestic < 185 grams;Import;2818547;325878;Number of items;5853248;01_live_animals
Albania;2011;010519;Poultry, live except domestic fowls, < 185 grams;Import;95883;41460;Number of items;94100;01_live_animals
Albania;2011;010591;Fowls, live domestic > 185 grams;Import;1601263;1798951;Number of items;1047368;01_live_animals
Albania;2011;010599;Poultry, live except domestic fowls, > 185 grams;Import;144106;210686;Number of items;184130;01_live_animals
Albania;2011;010600;Animals, live, except farm animals;Export;997424;137017;No Quantity;;01_live_animals
Albania;2011;010600;Animals, live, except farm animals;Import;1263526;198740;No Quantity;;01_live_animals
Albania;2010;010119;Horses, live except pure-bred breeding;Import;3579;1119;Number of items;5;01_live_animals
Albania;2010;010210;Bovine animals, live pure-bred breeding;Import;628861;197482;Number of items;368;01_live_animals
Albania;2010;010290;Bovine animals, live, except pure-bred breeding;Import;17658038;8538249;Number of items;49478;01_live_animals
Albania;2010;010310;Swine, live pure-bred breeding;Import;90783;55980;Number of items;552;01_live_animals
Albania;2010;010391;Swine, live except pure-bred breeding < 50 kg;Import;199919;123788;Number of items;2090;01_live_animals
Albania;2010;010392;Swine, live except pure-bred breeding > 50 kg;Import;9414329;5807954;Number of items;69739;01_live_animals
Albania;2010;010410;Sheep, live;Import;141413;47010;Number of items;24355;01_live_animals
Albania;2010;010420;Goats, live;Import;57083;23405;Number of items;595;01_live_animals
Albania;2010;010511;Fowls, live domestic < 185 grams;Import;2987471;533590;Number of items;6248176;01_live_animals
Albania;2010;010519;Poultry, live except domestic fowls, < 185 grams;Import;170344;13095;Number of items;138382;01_live_animals
Albania;2010;010591;Fowls, live domestic > 185 grams;Import;2292001;2751701;Number of items;1489754;01_live_animals
Albania;2010;010599;Poultry, live except domestic fowls, > 185 grams;Import;156336;210737;Number of items;191013;01_live_animals
Albania;2010;010600;Animals, live, except farm animals;Export;609694;94520;No Quantity;;01_live_animals
Albania;2010;010600;Animals, live, except farm animals;Import;778063;145950;No Quantity;;01_live_animals
Albania;2009;010119;Horses, live except pure-bred breeding;Import;24270;10510;Number of items;28;01_live_animals
Albania;2009;010210;Bovine animals, live pure-bred breeding;Import;591836;182392;Number of items;334;01_live_animals
Albania;2009;010290;Bovine animals, live, except pure-bred breeding;Import;26028954;12145286;Number of items;69055;01_live_animals
Albania;2009;010391;Swine, live except pure-bred breeding < 50 kg;Import;390877;223719;Number of items;3100;01_live_animals
Albania;2009;010392;Swine, live except pure-bred breeding > 50 kg;Import;7571008;4367254;Number of items;131882;01_live_animals
Albania;2009;010410;Sheep, live;Import;85318;33664;Number of items;602;01_live_animals
Albania;2009;010420;Goats, live;Import;13309;5250;Number of items;175;01_live_animals
Albania;2009;010511;Fowls, live domestic < 185 grams;Import;2964868;351694;Number of items;6359495;01_live_animals
Albania;2009;010519;Poultry, live except domestic fowls, < 185 grams;Import;99146;5250;Number of items;67347;01_live_animals
Albania;2009;010591;Fowls, live domestic > 185 grams;Import;964777;1312414;Number of items;824648;01_live_animals
Albania;2009;010599;Poultry, live except domestic fowls, > 185 grams;Import;150676;127684;Number of items;125400;01_live_animals
Albania;2009;010600;Animals, live, except farm animals;Import;636568;87951;No Quantity;;01_live_animals
Albania;2009;010600;Animals, live, except farm animals;Export;520743;54176;No Quantity;;01_live_animals
Albania;2008;010119;Horses, live except pure-bred breeding;Import;7997;2800;Number of items;8;01_live_animals
Albania;2008;010210;Bovine animals, live pure-bred breeding;Import;462721;97420;Number of items;227;01_live_animals
Albania;2008;010290;Bovine animals, live, except pure-bred breeding;Import;29130831;12733299;Number of items;485180;01_live_animals
Albania;2008;010310;Swine, live pure-bred breeding;Import;565499;278505;Number of items;1028;01_live_animals
Albania;2008;010391;Swine, live except pure-bred breeding < 50 kg;Import;87175;46610;Number of items;800;01_live_animals
Albania;2008;010392;Swine, live except pure-bred breeding > 50 kg;Import;7372797;3953924;Number of items;42548;01_live_animals
Albania;2008;010511;Fowls, live domestic < 185 grams;Import;2395577;256206;Number of items;4927432;01_live_animals
Albania;2008;010519;Poultry, live except domestic fowls, < 185 grams;Import;151377;14449;Number of items;125780;01_live_animals
Albania;2008;010591;Fowls, live domestic > 185 grams;Import;419684;484490;Number of items;322000;01_live_animals
Albania;2008;010599;Poultry, live except domestic fowls, > 185 grams;Import;51562;72810;Number of items;39230;01_live_animals
Albania;2008;010600;Animals, live, except farm animals;Import;859291;112974;Number of items;109907;01_live_animals
Albania;2008;010600;Animals, live, except farm animals;Export;767554;82215;Number of items;78592;01_live_animals
Albania;2008;010600;Animals, live, except farm animals;Re-Export;603716;66820;Number of items;63999;01_live_animals
Albania;2007;010111;Horses, live pure-bred breeding;Import;97402;;No Quantity;;01_live_animals
Albania;2007;010119;Horses, live except pure-bred breeding;Import;8753;;No Quantity;;01_live_animals
Albania;2007;010210;Bovine animals, live pure-bred breeding;Import;507218;142262;Number of items;292;01_live_animals
Albania;2007;010290;Bovine animals, live, except pure-bred breeding;Import;24843875;10169863;Number of items;36544;01_live_animals
Albania;2007;010310;Swine, live pure-bred breeding;Import;277565;36285;Number of items;502;01_live_animals
Albania;2007;010391;Swine, live except pure-bred breeding < 50 kg;Import;103493;;No Quantity;;01_live_animals
Albania;2007;010392;Swine, live except pure-bred breeding > 50 kg;Import;3929743;;Number of items;23739;01_live_animals
Albania;2007;010420;Goats, live;Export;2635;935;No Quantity;;01_live_animals
Albania;2007;010511;Fowls, live domestic < 185 grams;Import;1736292;32415;No Quantity;;01_live_animals
Albania;2007;010519;Poultry, live except domestic fowls, < 185 grams;Import;82065;;No Quantity;;01_live_animals
Albania;2007;010591;Fowls, live domestic > 185 grams;Import;496567;;Number of items;231692;01_live_animals
Albania;2007;010599;Poultry, live except domestic fowls, > 185 grams;Import;27290;;Number of items;4151;01_live_animals
Albania;2007;010600;Animals, live, except farm animals;Import;543407;;No Quantity;;01_live_animals
Albania;2007;010600;Animals, live, except farm animals;Export;818676;;No Quantity;;01_live_animals
Albania;2006;010119;Horses, live except pure-bred breeding;Import;9136;1530;Number of items;5;01_live_animals
Albania;2006;010210;Bovine animals, live pure-bred breeding;Import;1075215;596367;Number of items;1062;01_live_animals
Albania;2006;010290;Bovine animals, live, except pure-bred breeding;Import;17335204;10576379;Number of items;331900;01_live_animals
Albania;2006;010391;Swine, live except pure-bred breeding < 50 kg;Import;171568;110888;Number of items;3175;01_live_animals
Albania;2006;010392;Swine, live except pure-bred breeding > 50 kg;Import;3603909;2319085;Number of items;74300;01_live_animals
Albania;2006;010410;Sheep, live;Import;2484;2500;Number of items;76;01_live_animals
Albania;2006;010420;Goats, live;Import;3755;1500;Number of items;49;01_live_animals
Albania;2006;010511;Fowls, live domestic < 185 grams;Import;937792;130418;Number of items;2330395;01_live_animals
Albania;2006;010519;Poultry, live except domestic fowls, < 185 grams;Import;18138;2029;Number of items;25710;01_live_animals
Albania;2006;010591;Fowls, live domestic > 185 grams;Import;118578;201868;Number of items;149514;01_live_animals
Albania;2006;010599;Poultry, live except domestic fowls, > 185 grams;Import;12472;14300;Number of items;17701;01_live_animals
Albania;2006;010600;Animals, live, except farm animals;Import;567152;119855;Number of items;30319;01_live_animals
Albania;2006;010600;Animals, live, except farm animals;Export;1063300;224278;Number of items;81337;01_live_animals
Albania;2006;010600;Animals, live, except farm animals;Re-Export;476744;109332;Number of items;28748;01_live_animals
Albania;2006;010600;Animals, live, except farm animals;Re-Import;546949;117200;Number of items;29400;01_live_animals
Albania;2005;010111;Horses, live pure-bred breeding;Import;18273;15400;Number of items;13506;01_live_animals
Albania;2005;010119;Horses, live except pure-bred breeding;Import;2834;400;Number of items;4;01_live_animals
Albania;2005;010210;Bovine animals, live pure-bred breeding;Import;1187125;671107;Number of items;1236;01_live_animals
Albania;2005;010290;Bovine animals, live, except pure-bred breeding;Import;6900678;4320749;Number of items;84262;01_live_animals
Albania;2005;010310;Swine, live pure-bred breeding;Import;59351;42510;Number of items;797;01_live_animals
Albania;2005;010391;Swine, live except pure-bred breeding < 50 kg;Import;89398;83995;Number of items;1779;01_live_animals
Albania;2005;010392;Swine, live except pure-bred breeding > 50 kg;Import;1398170;1770931;Number of items;45445;01_live_animals
Albania;2005;010410;Sheep, live;Import;9074;10680;Number of items;348;01_live_animals
Albania;2005;010511;Fowls, live domestic < 185 grams;Import;1272712;187566;Number of items;2804778;01_live_animals
Albania;2005;010511;Fowls, live domestic < 185 grams;Export;35714;2477;Number of items;64325;01_live_animals
Albania;2005;010519;Poultry, live except domestic fowls, < 185 grams;Import;49608;5568;Number of items;30834;01_live_animals
Albania;2005;010591;Fowls, live domestic > 185 grams;Import;110586;182879;Number of items;102187;01_live_animals
Albania;2005;010599;Poultry, live except domestic fowls, > 185 grams;Import;28726;21285;Number of items;10936;01_live_animals
Albania;2005;010600;Animals, live, except farm animals;Import;41404;21292;Number of items;4521;01_live_animals
Albania;2005;010600;Animals, live, except farm animals;Export;918970;140870;Number of items;137102;01_live_animals
Albania;2005;010600;Animals, live, except farm animals;Re-Export;81661;120;Number of items;2;01_live_animals
Albania;2004;010111;Horses, live pure-bred breeding;Import;4089;3366;Number of items;1202;01_live_animals
Albania;2004;010119;Horses, live except pure-bred breeding;Import;1142;520;Number of items;4;01_live_animals
Albania;2004;010210;Bovine animals, live pure-bred breeding;Import;1368451;706591;Number of items;1717;01_live_animals
Albania;2004;010290;Bovine animals, live, except pure-bred breeding;Import;2142425;1521541;Number of items;38843;01_live_animals
Albania;2004;010391;Swine, live except pure-bred breeding < 50 kg;Import;108210;119520;Number of items;2447;01_live_animals
Albania;2004;010392;Swine, live except pure-bred breeding > 50 kg;Import;407522;556714;Number of items;7084;01_live_animals
Albania;2004;010410;Sheep, live;Import;2600;1410;Number of items;35;01_live_animals
Albania;2004;010420;Goats, live;Import;5376;4800;Number of items;160;01_live_animals
Albania;2004;010511;Fowls, live domestic < 185 grams;Import;759378;110147;Number of items;2466766;01_live_animals
Albania;2004;010519;Poultry, live except domestic fowls, < 185 grams;Import;21363;2339;Number of items;15942;01_live_animals
Albania;2004;010591;Fowls, live domestic > 185 grams;Import;183187;272140;Number of items;183034;01_live_animals
Albania;2004;010599;Poultry, live except domestic fowls, > 185 grams;Import;591;410;Number of items;280;01_live_animals
Albania;2004;010600;Animals, live, except farm animals;Import;2163;715;Number of items;250;01_live_animals
Albania;2004;010600;Animals, live, except farm animals;Export;769695;107579;Number of items;80306;01_live_animals
Albania;2003;010111;Horses, live pure-bred breeding;Import;1851;116;Number of items;139;01_live_animals
Albania;2003;010111;Horses, live pure-bred breeding;Export;3346;125;Number of items;1;01_live_animals
Albania;2003;010210;Bovine animals, live pure-bred breeding;Import;1296679;467655;Number of items;22276;01_live_animals
Albania;2003;010290;Bovine animals, live, except pure-bred breeding;Import;1494653;729440;Number of items;39987;01_live_animals
Albania;2003;010310;Swine, live pure-bred breeding;Import;28293;3920;Number of items;180;01_live_animals
Albania;2003;010391;Swine, live except pure-bred breeding < 50 kg;Import;38902;18881;Number of items;1156;01_live_animals
Albania;2003;010392;Swine, live except pure-bred breeding > 50 kg;Import;26605;21093;Number of items;2182;01_live_animals
Albania;2003;010410;Sheep, live;Import;4095;1909;Number of items;81;01_live_animals
Albania;2003;010511;Fowls, live domestic < 185 grams;Import;849188;16714;Number of items;2666020;01_live_animals
Albania;2003;010519;Poultry, live except domestic fowls, < 185 grams;Import;14218;468;Number of items;22100;01_live_animals
Albania;2003;010591;Fowls, live domestic > 185 grams;Import;171041;33325;Number of items;170486;01_live_animals
Albania;2003;010599;Poultry, live except domestic fowls, > 185 grams;Import;2243;;Number of items;1750;01_live_animals
Albania;2003;010600;Animals, live, except farm animals;Import;75009;1792;Number of items;300515;01_live_animals
Albania;2003;010600;Animals, live, except farm animals;Export;31957;1209;Number of items;7670;01_live_animals
Albania;2002;010210;Bovine animals, live pure-bred breeding;Import;1006256;433340;Number of items;5461;01_live_animals
Albania;2002;010290;Bovine animals, live, except pure-bred breeding;Import;185395;97502;Number of items;12651;01_live_animals
Albania;2002;010290;Bovine animals, live, except pure-bred breeding;Export;2358;1537;Number of items;6573;01_live_animals
Albania;2002;010391;Swine, live except pure-bred breeding < 50 kg;Import;5503;2770;Number of items;100;01_live_animals
Albania;2002;010392;Swine, live except pure-bred breeding > 50 kg;Import;188280;162747;Number of items;13463;01_live_animals
Albania;2002;010410;Sheep, live;Import;4555;2258;Number of items;86;01_live_animals
Albania;2002;010420;Goats, live;Import;21696;8785;Number of items;200;01_live_animals
Botswana;2000;010599;Poultry, live except domestic fowls, > 185 grams;Import;374783;0;Number of items;714898;01_live_animals
Botswana;2000;010599;Poultry, live except domestic fowls, > 185 grams;Export;94872;0;Number of items;11153;01_live_animals
Botswana;2000;010600;Animals, live, except farm animals;Import;108590;0;Number of items;20551;01_live_animals
Botswana;2000;010600;Animals, live, except farm animals;Export;120315;0;Number of items;3679;01_live_animals
Brazil;2016;010111;Horses, live pure-bred breeding;Export;4493103;157195;Number of items;371;01_live_animals
Brazil;2016;010111;Horses, live pure-bred breeding;Import;2290996;77701;Number of items;173;01_live_animals
Brazil;2016;010119;Horses, live except pure-bred breeding;Export;1881810;118710;Number of items;757;01_live_animals
Brazil;2016;010119;Horses, live except pure-bred breeding;Import;3415297;15500;Number of items;31;01_live_animals
Brazil;2016;010210;Bovine animals, live pure-bred breeding;Export;374888;59132;Number of items;129;01_live_animals
Brazil;2016;010210;Bovine animals, live pure-bred breeding;Import;166980;31359;Number of items;116;01_live_animals
Brazil;2016;010290;Bovine animals, live, except pure-bred breeding;Export;208488366;103024011;Number of items;292425;01_live_animals
Brazil;2016;010290;Bovine animals, live, except pure-bred breeding;Import;1844177;1309500;Number of items;2969;01_live_animals
Brazil;2016;010310;Swine, live pure-bred breeding;Export;571593;44499;Number of items;573;01_live_animals
Brazil;2016;010310;Swine, live pure-bred breeding;Import;846997;43084;Number of items;322;01_live_animals
Brazil;2016;010391;Swine, live except pure-bred breeding < 50 kg;Export;9130;1277;Number of items;8372;01_live_animals
Brazil;2016;010392;Swine, live except pure-bred breeding > 50 kg;Export;1641259;167150;Number of items;1431;01_live_animals
Brazil;2016;010410;Sheep, live;Import;5815;120;Number of items;1;01_live_animals
Brazil;2016;010511;Fowls, live domestic < 185 grams;Export;65793380;753905;Number of items;15314469;01_live_animals
Brazil;2016;010511;Fowls, live domestic < 185 grams;Import;4049588;3751;Number of items;81433;01_live_animals
Brazil;2016;010591;Fowls, live domestic > 185 grams;Export;11200;81;Number of items;22;01_live_animals
Brazil;2016;010600;Animals, live, except farm animals;Export;488105;602;Number of items;6538;01_live_animals
Brazil;2016;010600;Animals, live, except farm animals;Import;283045;647;Number of items;1660;01_live_animals
Brazil;2015;010111;Horses, live pure-bred breeding;Re-Import;15000;500;Number of items;1;01_live_animals
Brazil;2015;010111;Horses, live pure-bred breeding;Export;1837807;90270;Number of items;1164;01_live_animals
Brazil;2015;010111;Horses, live pure-bred breeding;Import;2104598;94170;Number of items;200;01_live_animals
Brazil;2015;010119;Horses, live except pure-bred breeding;Re-Import;5080;450;Number of items;1;01_live_animals
Brazil;2015;010119;Horses, live except pure-bred breeding;Export;1875084;131440;Number of items;285;01_live_animals
Brazil;2015;010119;Horses, live except pure-bred breeding;Import;3486500;40800;Number of items;82;01_live_animals
Brazil;2015;010120;Asses, mules and hinnies, live;Export;15452;1278;Number of items;5;01_live_animals
Brazil;2015;010210;Bovine animals, live pure-bred breeding;Export;1059181;172070;Number of items;368;01_live_animals
Brazil;2015;010210;Bovine animals, live pure-bred breeding;Import;55095;19102;Number of items;45;01_live_animals
Brazil;2015;010290;Bovine animals, live, except pure-bred breeding;Export;209541454;99380714;Number of items;211815;01_live_animals
Brazil;2015;010290;Bovine animals, live, except pure-bred breeding;Import;1340160;785830;Number of items;1731;01_live_animals
Brazil;2015;010310;Swine, live pure-bred breeding;Export;1292006;281946;Number of items;3068;01_live_animals
Brazil;2015;010310;Swine, live pure-bred breeding;Import;1028107;88082;Number of items;778;01_live_animals
Brazil;2015;010392;Swine, live except pure-bred breeding > 50 kg;Export;960950;83840;Number of items;879;01_live_animals
Brazil;2015;010410;Sheep, live;Export;277530;9750;Number of items;185;01_live_animals
Brazil;2015;010410;Sheep, live;Import;34985;5555;Number of items;82;01_live_animals
Brazil;2015;010511;Fowls, live domestic < 185 grams;Export;60429529;744195;Number of items;15180064;01_live_animals
Brazil;2015;010511;Fowls, live domestic < 185 grams;Import;1840680;3670;Number of items;72876;01_live_animals
Brazil;2015;010519;Poultry, live except domestic fowls, < 185 grams;Import;56125;673;Number of items;11040;01_live_animals
Brazil;2015;010599;Poultry, live except domestic fowls, > 185 grams;Export;424828;3972;Number of items;1233;01_live_animals
Brazil;2015;010600;Animals, live, except farm animals;Export;442327;5246;Number of items;17322;01_live_animals
Brazil;2015;010600;Animals, live, except farm animals;Import;271389;7535;Number of items;1900;01_live_animals
Brazil;2014;010111;Horses, live pure-bred breeding;Export;2826032;106588;Number of items;234;01_live_animals
Brazil;2014;010111;Horses, live pure-bred breeding;Import;3833952;189036;Number of items;429;01_live_animals
Brazil;2014;010119;Horses, live except pure-bred breeding;Export;1347252;248948;Number of items;618;01_live_animals
Brazil;2014;010119;Horses, live except pure-bred breeding;Import;1348578;52450;Number of items;107;01_live_animals
Brazil;2014;010120;Asses, mules and hinnies, live;Import;2900;500;Number of items;1;01_live_animals
Brazil;2014;010210;Bovine animals, live pure-bred breeding;Export;32439865;5642696;Number of items;15114;01_live_animals
Brazil;2014;010210;Bovine animals, live pure-bred breeding;Import;108701;16350;Number of items;37;01_live_animals
Brazil;2014;010290;Bovine animals, live, except pure-bred breeding;Export;648493351;298824624;Number of items;634089;01_live_animals
Brazil;2014;010290;Bovine animals, live, except pure-bred breeding;Import;6948940;4538273;Number of items;10153;01_live_animals
Brazil;2014;010310;Swine, live pure-bred breeding;Export;832435;108189;Number of items;1139;01_live_animals
Brazil;2014;010310;Swine, live pure-bred breeding;Import;643622;39151;Number of items;409;01_live_animals
Brazil;2014;010392;Swine, live except pure-bred breeding > 50 kg;Export;1124071;149520;Number of items;1547;01_live_animals
Brazil;2014;010410;Sheep, live;Import;51481;2200;Number of items;21;01_live_animals
Brazil;2014;010511;Fowls, live domestic < 185 grams;Export;54925159;802943;Number of items;16488536;01_live_animals
Brazil;2014;010511;Fowls, live domestic < 185 grams;Import;7676739;14595;Number of items;264269;01_live_animals
Brazil;2014;010600;Animals, live, except farm animals;Export;211152;2354;Number of items;5784;01_live_animals
Brazil;2014;010600;Animals, live, except farm animals;Import;489148;13136;Number of items;2421;01_live_animals
Brazil;2013;010111;Horses, live pure-bred breeding;Export;1894308;125320;Number of items;285;01_live_animals
Brazil;2013;010111;Horses, live pure-bred breeding;Import;2865681;198140;Number of items;1458;01_live_animals
Brazil;2013;010119;Horses, live except pure-bred breeding;Export;1350100;226340;Number of items;563;01_live_animals
Brazil;2013;010119;Horses, live except pure-bred breeding;Import;1910649;128070;Number of items;263;01_live_animals
Brazil;2013;010210;Bovine animals, live pure-bred breeding;Export;5795742;1439380;Number of items;4100;01_live_animals
Brazil;2013;010210;Bovine animals, live pure-bred breeding;Import;195054;58220;Number of items;168;01_live_animals
Brazil;2013;010290;Bovine animals, live, except pure-bred breeding;Export;718200007;323951180;Number of items;684541;01_live_animals
Brazil;2013;010290;Bovine animals, live, except pure-bred breeding;Import;30331;9450;Number of items;21;01_live_animals
Brazil;2013;010310;Swine, live pure-bred breeding;Export;1142625;144589;Number of items;1832;01_live_animals
Brazil;2013;010310;Swine, live pure-bred breeding;Import;870814;63648;Number of items;784;01_live_animals
Brazil;2013;010392;Swine, live except pure-bred breeding > 50 kg;Export;2020340;202331;Number of items;2088;01_live_animals
Brazil;2013;010410;Sheep, live;Import;127878;28569;Number of items;590;01_live_animals
Brazil;2013;010420;Goats, live;Export;7791;740;Number of items;21;01_live_animals
Brazil;2013;010511;Fowls, live domestic < 185 grams;Export;51997106;1064287;Number of items;21920321;01_live_animals
Brazil;2013;010511;Fowls, live domestic < 185 grams;Import;2070710;9161;Number of items;156000;01_live_animals
Brazil;2013;010600;Animals, live, except farm animals;Export;189922;371;Number of items;4284;01_live_animals
Brazil;2013;010600;Animals, live, except farm animals;Import;391028;12642;Number of items;3366;01_live_animals
Brazil;2012;010111;Horses, live pure-bred breeding;Export;1633555;129520;Number of items;313;01_live_animals
Brazil;2012;010111;Horses, live pure-bred breeding;Import;4146336;266780;Number of items;622;01_live_animals
Brazil;2012;010119;Horses, live except pure-bred breeding;Export;1002145;198450;Number of items;488;01_live_animals
Brazil;2012;010119;Horses, live except pure-bred breeding;Import;1480650;136265;Number of items;779;01_live_animals
Brazil;2012;010120;Asses, mules and hinnies, live;Export;66950;7270;Number of items;21;01_live_animals
Brazil;2012;010120;Asses, mules and hinnies, live;Import;5000;140;Number of items;5;01_live_animals
Brazil;2012;010210;Bovine animals, live pure-bred breeding;Export;15695282;1047020;Number of items;3002;01_live_animals
Brazil;2012;010210;Bovine animals, live pure-bred breeding;Import;301596;105650;Number of items;205;01_live_animals
Brazil;2012;010290;Bovine animals, live, except pure-bred breeding;Export;578163125;242159350;Number of items;509324;01_live_animals
Brazil;2012;010290;Bovine animals, live, except pure-bred breeding;Import;90800;34000;Number of items;68;01_live_animals
Brazil;2012;010310;Swine, live pure-bred breeding;Export;310456;44828;Number of items;458;01_live_animals
Brazil;2012;010310;Swine, live pure-bred breeding;Import;915116;85229;Number of items;1352;01_live_animals
Brazil;2012;010392;Swine, live except pure-bred breeding > 50 kg;Export;1631890;111315;Number of items;1116;01_live_animals
Brazil;2012;010410;Sheep, live;Export;37335;4020;Number of items;105;01_live_animals
Brazil;2012;010410;Sheep, live;Import;1045870;582474;Number of items;13845;01_live_animals
Brazil;2012;010420;Goats, live;Import;6059;370;Number of items;6;01_live_animals
Brazil;2012;010511;Fowls, live domestic < 185 grams;Export;43847472;1059940;Number of items;22019983;01_live_animals
Brazil;2012;010511;Fowls, live domestic < 185 grams;Import;1680963;9811;Number of items;168013;01_live_animals
Brazil;2012;010519;Poultry, live except domestic fowls, < 185 grams;Import;131739;1432;Number of items;18092;01_live_animals
Brazil;2012;010599;Poultry, live except domestic fowls, > 185 grams;Export;585;42;Number of items;42;01_live_animals
Brazil;2012;010600;Animals, live, except farm animals;Export;178556;507;Number of items;5473;01_live_animals
Brazil;2012;010600;Animals, live, except farm animals;Import;399806;15374;Number of items;3547;01_live_animals
Brazil;2011;010111;Horses, live pure-bred breeding;Re-Import;80800;14400;Number of items;29;01_live_animals
Brazil;2011;010111;Horses, live pure-bred breeding;Export;1724975;137020;Number of items;313;01_live_animals
Brazil;2011;010111;Horses, live pure-bred breeding;Import;5355011;486353;Number of items;2278;01_live_animals
Brazil;2011;010119;Horses, live except pure-bred breeding;Re-Import;4100;2520;Number of items;5;01_live_animals
Brazil;2011;010119;Horses, live except pure-bred breeding;Export;1594873;1090850;Number of items;2981;01_live_animals
Brazil;2011;010119;Horses, live except pure-bred breeding;Import;1172393;164800;Number of items;347;01_live_animals
Brazil;2011;010210;Bovine animals, live pure-bred breeding;Export;4304451;866353;Number of items;2488;01_live_animals
Brazil;2011;010210;Bovine animals, live pure-bred breeding;Import;230010;97510;Number of items;255;01_live_animals
Brazil;2011;010290;Bovine animals, live, except pure-bred breeding;Export;440547866;194178940;Number of items;402365;01_live_animals
Brazil;2011;010290;Bovine animals, live, except pure-bred breeding;Import;4118551;2256000;Number of items;5007;01_live_animals
Brazil;2011;010310;Swine, live pure-bred breeding;Export;894466;151055;Number of items;1759;01_live_animals
Brazil;2011;010310;Swine, live pure-bred breeding;Import;1895889;85951;Number of items;1701;01_live_animals
Brazil;2011;010392;Swine, live except pure-bred breeding > 50 kg;Export;2834597;314742;Number of items;4061;01_live_animals
Brazil;2011;010410;Sheep, live;Export;1365068;45825;Number of items;1087;01_live_animals
Brazil;2011;010410;Sheep, live;Import;149233;74500;Number of items;1706;01_live_animals
Brazil;2011;010420;Goats, live;Export;121000;2675;Number of items;68;01_live_animals
Brazil;2011;010420;Goats, live;Import;5627;350;Number of items;7;01_live_animals
Brazil;2011;010511;Fowls, live domestic < 185 grams;Export;37957635;1244746;Number of items;25244831;01_live_animals
Brazil;2011;010511;Fowls, live domestic < 185 grams;Import;3063465;5091;Number of items;94511;01_live_animals
Brazil;2011;010519;Poultry, live except domestic fowls, < 185 grams;Import;171690;1663;Number of items;22688;01_live_animals
Brazil;2011;010600;Animals, live, except farm animals;Export;314977;999;Number of items;8688;01_live_animals
Brazil;2011;010600;Animals, live, except farm animals;Import;266299;5565;Number of items;2206;01_live_animals
Brazil;2010;010111;Horses, live pure-bred breeding;Re-Import;53939;3950;Number of items;8;01_live_animals
Brazil;2010;010111;Horses, live pure-bred breeding;Export;2166161;158730;Number of items;342;01_live_animals
Brazil;2010;010111;Horses, live pure-bred breeding;Import;3931283;392040;Number of items;24838;01_live_animals
Brazil;2010;010119;Horses, live except pure-bred breeding;Re-Import;8900;2460;Number of items;5;01_live_animals
Brazil;2010;010119;Horses, live except pure-bred breeding;Export;1319775;316750;Number of items;790;01_live_animals
Brazil;2010;010119;Horses, live except pure-bred breeding;Import;1573072;176980;Number of items;381;01_live_animals
Brazil;2010;010210;Bovine animals, live pure-bred breeding;Export;2906674;485535;Number of items;1419;01_live_animals
Brazil;2010;010210;Bovine animals, live pure-bred breeding;Import;261981;138120;Number of items;318;01_live_animals
Brazil;2010;010290;Bovine animals, live, except pure-bred breeding;Export;655756731;323732156;Number of items;653545;01_live_animals
Brazil;2010;010290;Bovine animals, live, except pure-bred breeding;Import;4238196;2786060;Number of items;67723;01_live_animals
Brazil;2010;010310;Swine, live pure-bred breeding;Export;582322;64141;Number of items;714;01_live_animals
Brazil;2010;010310;Swine, live pure-bred breeding;Import;452527;29635;Number of items;5453;01_live_animals
Brazil;2010;010392;Swine, live except pure-bred breeding > 50 kg;Export;159780;30310;Number of items;406;01_live_animals
Brazil;2010;010410;Sheep, live;Export;97200;2400;Number of items;54;01_live_animals
Brazil;2010;010410;Sheep, live;Import;402123;197525;Number of items;4752;01_live_animals
Brazil;2010;010511;Fowls, live domestic < 185 grams;Export;34107553;1139999;Number of items;22984958;01_live_animals
Brazil;2010;010511;Fowls, live domestic < 185 grams;Import;2046214;6750;Number of items;118458;01_live_animals
Brazil;2010;010600;Animals, live, except farm animals;Export;181667;4242;Number of items;4662;01_live_animals
Brazil;2010;010600;Animals, live, except farm animals;Import;144428;3239;Number of items;7771;01_live_animals
Brazil;2009;010111;Horses, live pure-bred breeding;Re-Import;165608;10950;Number of items;19;01_live_animals
Brazil;2009;010111;Horses, live pure-bred breeding;Export;3366839;158224;Number of items;352;01_live_animals
Brazil;2009;010111;Horses, live pure-bred breeding;Import;2465935;257875;Number of items;1564;01_live_animals
Brazil;2009;010119;Horses, live except pure-bred breeding;Re-Import;47500;6290;Number of items;11;01_live_animals
Brazil;2009;010119;Horses, live except pure-bred breeding;Export;1017189;123616;Number of items;278;01_live_animals
Brazil;2009;010119;Horses, live except pure-bred breeding;Import;530313;83820;Number of items;171;01_live_animals
Brazil;2009;010210;Bovine animals, live pure-bred breeding;Export;10436400;1307180;Number of items;4136;01_live_animals
Brazil;2009;010210;Bovine animals, live pure-bred breeding;Import;354007;161698;Number of items;397;01_live_animals
Brazil;2009;010290;Bovine animals, live, except pure-bred breeding;Export;433080729;257772216;Number of items;526090;01_live_animals
Brazil;2009;010290;Bovine animals, live, except pure-bred breeding;Import;11219868;12156040;Number of items;519894;01_live_animals
Brazil;2009;010310;Swine, live pure-bred breeding;Export;295999;51552;Number of items;753;01_live_animals
Brazil;2009;010310;Swine, live pure-bred breeding;Import;239559;9422;Number of items;249;01_live_animals
Brazil;2009;010392;Swine, live except pure-bred breeding > 50 kg;Export;398430;66963;Number of items;671;01_live_animals
Brazil;2009;010410;Sheep, live;Export;354856;200000;Number of items;800;01_live_animals
Brazil;2009;010410;Sheep, live;Import;1026056;1402401;Number of items;132474;01_live_animals
Brazil;2009;010511;Fowls, live domestic < 185 grams;Export;21774294;780532;Number of items;16159942;01_live_animals
Brazil;2009;010511;Fowls, live domestic < 185 grams;Import;10407693;13290;Number of items;204617;01_live_animals
Brazil;2009;010519;Poultry, live except domestic fowls, < 185 grams;Export;124988;3000;Number of items;31600;01_live_animals
Brazil;2009;010600;Animals, live, except farm animals;Export;290924;4227;Number of items;23066;01_live_animals
Brazil;2009;010600;Animals, live, except farm animals;Import;121012;760;Number of items;6558;01_live_animals
Brazil;2008;010111;Horses, live pure-bred breeding;Re-Import;54420;4700;Number of items;10;01_live_animals
Brazil;2008;010111;Horses, live pure-bred breeding;Export;4225258;207590;Number of items;458;01_live_animals
Brazil;2008;010111;Horses, live pure-bred breeding;Import;3361036;294692;Number of items;664;01_live_animals
Brazil;2008;010119;Horses, live except pure-bred breeding;Re-Import;35000;4950;Number of items;11;01_live_animals
Brazil;2008;010119;Horses, live except pure-bred breeding;Export;1719382;193351;Number of items;466;01_live_animals
Brazil;2008;010119;Horses, live except pure-bred breeding;Import;784945;131700;Number of items;281;01_live_animals
Brazil;2008;010210;Bovine animals, live pure-bred breeding;Export;19328614;4095424;Number of items;13465;01_live_animals
Brazil;2008;010210;Bovine animals, live pure-bred breeding;Import;96722;15600;Number of items;33;01_live_animals
Brazil;2008;010290;Bovine animals, live, except pure-bred breeding;Export;370537253;193144870;Number of items;400888;01_live_animals
Brazil;2008;010290;Bovine animals, live, except pure-bred breeding;Import;20619705;17880861;Number of items;69508;01_live_animals
Brazil;2008;010310;Swine, live pure-bred breeding;Export;488691;110986;Number of items;1148;01_live_animals
Brazil;2008;010310;Swine, live pure-bred breeding;Import;385752;41639;Number of items;559;01_live_animals
Brazil;2008;010392;Swine, live except pure-bred breeding > 50 kg;Export;57069;10500;Number of items;154;01_live_animals
Brazil;2008;010410;Sheep, live;Export;902437;167208;Number of items;3200;01_live_animals
Brazil;2008;010410;Sheep, live;Import;678949;519688;Number of items;13157;01_live_animals
Brazil;2008;010420;Goats, live;Export;106192;10600;Number of items;212;01_live_animals
Brazil;2008;010420;Goats, live;Import;9181;240;Number of items;4;01_live_animals
Brazil;2008;010511;Fowls, live domestic < 185 grams;Export;19566416;751534;Number of items;15428373;01_live_animals
Brazil;2008;010511;Fowls, live domestic < 185 grams;Import;6114105;12794;Number of items;208511;01_live_animals
Brazil;2008;010519;Poultry, live except domestic fowls, < 185 grams;Export;260502;1605;Number of items;24740;01_live_animals
Brazil;2008;010600;Animals, live, except farm animals;Export;390079;8350;Number of items;53207;01_live_animals
Brazil;2008;010600;Animals, live, except farm animals;Import;131922;21508;Number of items;4311;01_live_animals
Brazil;2007;010111;Horses, live pure-bred breeding;Re-Import;15000;3300;Number of items;7;01_live_animals
Brazil;2007;010111;Horses, live pure-bred breeding;Export;3139966;238308;Number of items;519;01_live_animals
Brazil;2007;010111;Horses, live pure-bred breeding;Import;2007972;248898;Number of items;551;01_live_animals
Brazil;2007;010119;Horses, live except pure-bred breeding;Re-Import;3200;1900;Number of items;4;01_live_animals
Brazil;2007;010119;Horses, live except pure-bred breeding;Export;446002;133720;Number of items;301;01_live_animals
Brazil;2007;010119;Horses, live except pure-bred breeding;Import;449306;101000;Number of items;228;01_live_animals
Brazil;2007;010210;Bovine animals, live pure-bred breeding;Export;4385426;1900650;Number of items;5684;01_live_animals
Brazil;2007;010210;Bovine animals, live pure-bred breeding;Import;220964;134953;Number of items;312;01_live_animals
Brazil;2007;010290;Bovine animals, live, except pure-bred breeding;Export;260856983;199888037;Number of items;432742;01_live_animals
Brazil;2007;010290;Bovine animals, live, except pure-bred breeding;Import;6009985;4343550;Number of items;9842;01_live_animals
Brazil;2007;010310;Swine, live pure-bred breeding;Export;191170;65520;Number of items;870;01_live_animals
Brazil;2007;010310;Swine, live pure-bred breeding;Import;299870;15579;Number of items;239;01_live_animals
Brazil;2007;010392;Swine, live except pure-bred breeding > 50 kg;Export;507305;142423;Number of items;1711;01_live_animals
Brazil;2007;010410;Sheep, live;Export;25583;4030;Number of items;66;01_live_animals
Brazil;2007;010410;Sheep, live;Import;1032277;1286657;Number of items;37377;01_live_animals
Brazil;2007;010511;Fowls, live domestic < 185 grams;Export;14870217;814843;Number of items;16680537;01_live_animals
Brazil;2007;010511;Fowls, live domestic < 185 grams;Import;546779;1424;Number of items;34880;01_live_animals
Brazil;2007;010519;Poultry, live except domestic fowls, < 185 grams;Export;178760;1387;Number of items;20840;01_live_animals
Brazil;2007;010600;Animals, live, except farm animals;Export;312139;8644;Number of items;443602;01_live_animals
Brazil;2007;010600;Animals, live, except farm animals;Import;149404;2655;Number of items;4943;01_live_animals
Brazil;2006;010119;Horses, live except pure-bred breeding;Import;438998;86810;Number of items;698;01_live_animals
Brazil;2006;010119;Horses, live except pure-bred breeding;Export;321052;97165;Number of items;232;01_live_animals
Brazil;2006;010210;Bovine animals, live pure-bred breeding;Import;328463;198385;Number of items;759;01_live_animals
Brazil;2006;010210;Bovine animals, live pure-bred breeding;Export;1340829;320025;Number of items;1138;01_live_animals
Brazil;2006;010290;Bovine animals, live, except pure-bred breeding;Import;474709;328420;Number of items;830;01_live_animals
Brazil;2006;010290;Bovine animals, live, except pure-bred breeding;Export;72065781;95103802;Number of items;245038;01_live_animals
Brazil;2006;010310;Swine, live pure-bred breeding;Import;305038;9719;Number of items;215;01_live_animals
Brazil;2006;010310;Swine, live pure-bred breeding;Export;137944;26344;Number of items;385;01_live_animals
Brazil;2006;010410;Sheep, live;Import;58978;28580;Number of items;882;01_live_animals
Brazil;2006;010410;Sheep, live;Export;14232;2935;Number of items;56;01_live_animals
Brazil;2006;010420;Goats, live;Import;50210;1780;Number of items;28;01_live_animals
Brazil;2006;010511;Fowls, live domestic < 185 grams;Import;726320;939;Number of items;22960;01_live_animals
Brazil;2006;010511;Fowls, live domestic < 185 grams;Export;9717934;614802;Number of items;12869675;01_live_animals
Brazil;2006;010519;Poultry, live except domestic fowls, < 185 grams;Export;57492;550;Number of items;7860;01_live_animals
Brazil;2006;010600;Animals, live, except farm animals;Import;71120;467;Number of items;5139;01_live_animals
Brazil;2006;010600;Animals, live, except farm animals;Export;594610;25485;Number of items;124139;01_live_animals
Brazil;2005;010119;Horses, live except pure-bred breeding;Import;225818;74174;Number of items;21;01_live_animals
Brazil;2005;010119;Horses, live except pure-bred breeding;Export;678083;105023;Number of items;236;01_live_animals
Brazil;2005;010210;Bovine animals, live pure-bred breeding;Import;66695;40677;Number of items;105;01_live_animals
Brazil;2005;010210;Bovine animals, live pure-bred breeding;Export;1018402;596003;Number of items;1970;01_live_animals
Brazil;2005;010290;Bovine animals, live, except pure-bred breeding;Import;494667;400845;Number of items;1081;01_live_animals
Brazil;2005;010290;Bovine animals, live, except pure-bred breeding;Export;30449265;41663104;Number of items;111235;01_live_animals
Brazil;2005;010310;Swine, live pure-bred breeding;Import;302457;35053;Number of items;770;01_live_animals
Brazil;2005;010310;Swine, live pure-bred breeding;Export;138009;33995;Number of items;340;01_live_animals
Brazil;2005;010391;Swine, live except pure-bred breeding < 50 kg;Import;34154;3200;Number of items;145;01_live_animals
Brazil;2005;010410;Sheep, live;Import;57690;27198;Number of items;777;01_live_animals
Brazil;2005;010410;Sheep, live;Export;92570;28330;Number of items;385;01_live_animals
Brazil;2005;010420;Goats, live;Import;34153;410;Number of items;6;01_live_animals
Brazil;2005;010420;Goats, live;Export;3567;765;Number of items;17;01_live_animals
Brazil;2005;010511;Fowls, live domestic < 185 grams;Import;4509194;12025;Number of items;266704;01_live_animals
Brazil;2005;010511;Fowls, live domestic < 185 grams;Export;8544475;682130;Number of items;14897927;01_live_animals
Brazil;2005;010519;Poultry, live except domestic fowls, < 185 grams;Import;78173;1235;Number of items;16099;01_live_animals
Brazil;2005;010519;Poultry, live except domestic fowls, < 185 grams;Export;55112;684;Number of items;8700;01_live_animals
Brazil;2005;010600;Animals, live, except farm animals;Import;46980;10788;Number of items;3005;01_live_animals
Brazil;2005;010600;Animals, live, except farm animals;Export;833504;8229;Number of items;44320;01_live_animals
Brazil;2004;010119;Horses, live except pure-bred breeding;Import;237759;65623;Number of items;152;01_live_animals
Brazil;2004;010119;Horses, live except pure-bred breeding;Export;623148;105436;Number of items;230;01_live_animals
Brazil;2004;010210;Bovine animals, live pure-bred breeding;Import;3764;3600;Number of items;8;01_live_animals
Brazil;2004;010210;Bovine animals, live pure-bred breeding;Export;3448237;1876758;Number of items;5127;01_live_animals
Brazil;2004;010290;Bovine animals, live, except pure-bred breeding;Import;302970;302100;Number of items;701;01_live_animals
Brazil;2004;010290;Bovine animals, live, except pure-bred breeding;Export;3890729;5063971;Number of items;10374;01_live_animals
Brazil;2004;010310;Swine, live pure-bred breeding;Import;99214;6410;Number of items;124;01_live_animals
Brazil;2004;010310;Swine, live pure-bred breeding;Export;178385;37990;Number of items;557;01_live_animals
Brazil;2004;010410;Sheep, live;Import;100174;19860;Number of items;318;01_live_animals
Brazil;2004;010420;Goats, live;Import;56479;3100;Number of items;58;01_live_animals
Brazil;2004;010511;Fowls, live domestic < 185 grams;Import;3652296;10343;Number of items;237778;01_live_animals
Brazil;2004;010511;Fowls, live domestic < 185 grams;Export;8929245;355857;Number of items;7791499;01_live_animals
Brazil;2004;010519;Poultry, live except domestic fowls, < 185 grams;Import;84142;1784;Number of items;26571;01_live_animals
Brazil;2004;010519;Poultry, live except domestic fowls, < 185 grams;Export;67710;826;Number of items;9720;01_live_animals
Brazil;2004;010600;Animals, live, except farm animals;Import;110207;2049;Number of items;3514;01_live_animals
Brazil;2004;010600;Animals, live, except farm animals;Export;546073;37807;Number of items;781487;01_live_animals
Brazil;2003;010119;Horses, live except pure-bred breeding;Import;111600;47570;Number of items;140;01_live_animals
Brazil;2003;010119;Horses, live except pure-bred breeding;Export;236861;114920;Number of items;318;01_live_animals
Brazil;2003;010210;Bovine animals, live pure-bred breeding;Import;1446338;183032;Number of items;476;01_live_animals
Brazil;2003;010210;Bovine animals, live pure-bred breeding;Export;487825;110810;Number of items;278;01_live_animals
Brazil;2003;010290;Bovine animals, live, except pure-bred breeding;Export;868377;1284972;Number of items;3411;01_live_animals
Brazil;2003;010310;Swine, live pure-bred breeding;Import;167939;44024;Number of items;652;01_live_animals
Brazil;2003;010310;Swine, live pure-bred breeding;Export;48221;19740;Number of items;194;01_live_animals
Brazil;2003;010410;Sheep, live;Import;64629;2890;Number of items;49;01_live_animals
Brazil;2003;010420;Goats, live;Import;14305;1500;Number of items;40;01_live_animals
Brazil;2003;010511;Fowls, live domestic < 185 grams;Import;6669358;31037;Number of items;557307;01_live_animals
Brazil;2003;010511;Fowls, live domestic < 185 grams;Export;8035457;288325;Number of items;5946526;01_live_animals
Brazil;2003;010519;Poultry, live except domestic fowls, < 185 grams;Import;52380;1642;Number of items;22294;01_live_animals
Brazil;2003;010519;Poultry, live except domestic fowls, < 185 grams;Export;190;10;Number of items;101;01_live_animals
Brazil;2003;010600;Animals, live, except farm animals;Import;54901;771;Number of items;2380;01_live_animals
Brazil;2003;010600;Animals, live, except farm animals;Export;410839;86825;Number of items;682618;01_live_animals
Brazil;2002;010119;Horses, live except pure-bred breeding;Import;147500;64570;Number of items;147;01_live_animals
Brazil;2002;010119;Horses, live except pure-bred breeding;Export;99959;325920;Number of items;89;01_live_animals
Brazil;2002;010210;Bovine animals, live pure-bred breeding;Import;818412;149028;Number of items;283;01_live_animals
Brazil;2002;010210;Bovine animals, live pure-bred breeding;Export;610744;283852;Number of items;788;01_live_animals
Brazil;2002;010290;Bovine animals, live, except pure-bred breeding;Import;10912128;18976745;Number of items;38267;01_live_animals
Brazil;2002;010290;Bovine animals, live, except pure-bred breeding;Export;72690;94197;Number of items;246;01_live_animals
Brazil;2002;010310;Swine, live pure-bred breeding;Import;487460;103075;Number of items;1368;01_live_animals
Brazil;2002;010310;Swine, live pure-bred breeding;Export;156475;77980;Number of items;845;01_live_animals
Brazil;2002;010392;Swine, live except pure-bred breeding > 50 kg;Export;36720;10775;Number of items;216;01_live_animals
Brazil;2002;010410;Sheep, live;Import;6515;495;Number of items;4;01_live_animals
Brazil;2002;010420;Goats, live;Import;119275;6125;Number of items;150;01_live_animals
Brazil;2002;010511;Fowls, live domestic < 185 grams;Import;14527083;81987;Number of items;1335180;01_live_animals
Brazil;2002;010511;Fowls, live domestic < 185 grams;Export;2836540;285073;Number of items;6003851;01_live_animals
Brazil;2002;010519;Poultry, live except domestic fowls, < 185 grams;Import;579144;2667;Number of items;35192;01_live_animals
Brazil;2002;010519;Poultry, live except domestic fowls, < 185 grams;Export;946;40;Number of items;443;01_live_animals
Brazil;2002;010600;Animals, live, except farm animals;Import;1444985;21544;Number of items;20170;01_live_animals
Brazil;2002;010600;Animals, live, except farm animals;Export;341161;117875;Number of items;940408;01_live_animals
Brazil;2001;010111;Horses, live pure-bred breeding;Import;564309;109881;Number of items;245;01_live_animals
Brazil;2001;010111;Horses, live pure-bred breeding;Export;990540;148874;Number of items;323;01_live_animals
Brazil;2001;010111;Horses, live pure-bred breeding;Re-Import;9000;1450;Number of items;3;01_live_animals
Brazil;2001;010119;Horses, live except pure-bred breeding;Import;181778;47997;Number of items;103;01_live_animals
Brazil;2001;010119;Horses, live except pure-bred breeding;Export;76922;120247;Number of items;418;01_live_animals
Brazil;2001;010119;Horses, live except pure-bred breeding;Re-Import;1500;500;Number of items;1;01_live_animals
Brazil;2001;010120;Asses, mules and hinnies, live;Import;2369;1000;Number of items;4;01_live_animals
Brazil;2001;010120;Asses, mules and hinnies, live;Export;2300;286;Number of items;6;01_live_animals
Brazil;2001;010210;Bovine animals, live pure-bred breeding;Import;1017836;224080;Number of items;589;01_live_animals
Brazil;2001;010210;Bovine animals, live pure-bred breeding;Export;174495;65970;Number of items;150;01_live_animals
Brazil;2001;010290;Bovine animals, live, except pure-bred breeding;Import;3530060;4366005;Number of items;10417;01_live_animals
Brazil;2001;010290;Bovine animals, live, except pure-bred breeding;Export;38100;52870;Number of items;144;01_live_animals
Brazil;2001;010310;Swine, live pure-bred breeding;Import;94235;2100;Number of items;35;01_live_animals
Brazil;2001;010310;Swine, live pure-bred breeding;Export;183328;26950;Number of items;539;01_live_animals
Brazil;2001;010410;Sheep, live;Import;529756;1125591;Number of items;29690;01_live_animals
Brazil;2001;010420;Goats, live;Import;6251;420;Number of items;14;01_live_animals
Brazil;2001;010511;Fowls, live domestic < 185 grams;Import;12726231;87306;Number of items;1646570;01_live_animals
Brazil;2001;010511;Fowls, live domestic < 185 grams;Export;3146789;408237;Number of items;8786880;01_live_animals
Brazil;2001;010519;Poultry, live except domestic fowls, < 185 grams;Import;32462;1081;Number of items;16014;01_live_animals
Brazil;2001;010519;Poultry, live except domestic fowls, < 185 grams;Export;449;29;Number of items;175;01_live_animals
Brazil;2001;010599;Poultry, live except domestic fowls, > 185 grams;Import;4693;105;Number of items;70;01_live_animals
Brazil;2001;010600;Animals, live, except farm animals;Import;1478411;174334;Number of items;19334;01_live_animals
Brazil;2001;010600;Animals, live, except farm animals;Export;303530;79288;Number of items;606841;01_live_animals
Brazil;2000;010111;Horses, live pure-bred breeding;Import;473110;76648;Number of items;167;01_live_animals
Brazil;2000;010111;Horses, live pure-bred breeding;Export;1469229;126460;Number of items;284;01_live_animals
Brazil;2000;010111;Horses, live pure-bred breeding;Re-Import;6500;950;Number of items;2;01_live_animals
Brazil;2000;010119;Horses, live except pure-bred breeding;Import;156463;51984;Number of items;108;01_live_animals
Brazil;2000;010119;Horses, live except pure-bred breeding;Export;77197;22180;Number of items;48;01_live_animals
Brazil;2000;010119;Horses, live except pure-bred breeding;Re-Import;2000;400;Number of items;1;01_live_animals
Brazil;2000;010120;Asses, mules and hinnies, live;Export;1653;400;Number of items;1;01_live_animals
Brazil;2000;010210;Bovine animals, live pure-bred breeding;Import;1518425;920589;Number of items;2130;01_live_animals
Brazil;2000;010210;Bovine animals, live pure-bred breeding;Export;232535;118550;Number of items;279;01_live_animals
Brazil;2000;010290;Bovine animals, live, except pure-bred breeding;Import;15629457;22448654;Number of items;51471;01_live_animals
Brazil;2000;010310;Swine, live pure-bred breeding;Import;75471;10200;Number of items;288;01_live_animals
Brazil;2000;010410;Sheep, live;Import;2988710;6250236;Number of items;175427;01_live_animals
Brazil;2000;010420;Goats, live;Import;449623;19059;Number of items;394;01_live_animals
Brazil;2000;010511;Fowls, live domestic < 185 grams;Import;13221842;88990;Number of items;1764135;01_live_animals
Brazil;2000;010511;Fowls, live domestic < 185 grams;Export;3687108;433860;Number of items;9632998;01_live_animals
Brazil;2000;010519;Poultry, live except domestic fowls, < 185 grams;Import;48441;538;Number of items;9229;01_live_animals
Brazil;2000;010599;Poultry, live except domestic fowls, > 185 grams;Import;1447;39;Number of items;540;01_live_animals
Brazil;2000;010600;Animals, live, except farm animals;Import;1000731;178999;Number of items;25960;01_live_animals
Brazil;2000;010600;Animals, live, except farm animals;Export;218790;42805;Number of items;338245;01_live_animals
Brazil;1999;010111;Horses, live pure-bred breeding;Import;757138;105284;Weight in kilograms;105284;01_live_animals
Brazil;1999;010111;Horses, live pure-bred breeding;Export;2178197;101501;Weight in kilograms;101501;01_live_animals
Brazil;1999;010119;Horses, live except pure-bred breeding;Import;395360;42272;Weight in kilograms;42272;01_live_animals
Brazil;1999;010119;Horses, live except pure-bred breeding;Export;98668;26147;Weight in kilograms;26147;01_live_animals
Brazil;1999;010210;Bovine animals, live pure-bred breeding;Import;2133702;583713;Weight in kilograms;583713;01_live_animals
Brazil;1999;010210;Bovine animals, live pure-bred breeding;Export;479355;336281;Weight in kilograms;336281;01_live_animals
Brazil;1999;010290;Bovine animals, live, except pure-bred breeding;Import;15276082;19367529;Weight in kilograms;19367529;01_live_animals
Brazil;1999;010290;Bovine animals, live, except pure-bred breeding;Export;526695;924960;Weight in kilograms;924960;01_live_animals
Brazil;1999;010310;Swine, live pure-bred breeding;Import;702387;34625;Weight in kilograms;34625;01_live_animals
Brazil;1999;010310;Swine, live pure-bred breeding;Export;81703;11250;Weight in kilograms;11250;01_live_animals
Brazil;1999;010410;Sheep, live;Import;1903148;4056125;Weight in kilograms;4056125;01_live_animals
Brazil;1999;010410;Sheep, live;Export;50412;15687;Weight in kilograms;15687;01_live_animals
Brazil;1999;010420;Goats, live;Import;580069;13562;Weight in kilograms;13562;01_live_animals
Brazil;1999;010420;Goats, live;Export;12145;2284;Weight in kilograms;2284;01_live_animals
Brazil;1999;010511;Fowls, live domestic < 185 grams;Import;14916095;101611;Weight in kilograms;101611;01_live_animals
Brazil;1999;010511;Fowls, live domestic < 185 grams;Export;4189892;459074;Weight in kilograms;459074;01_live_animals
Brazil;1999;010519;Poultry, live except domestic fowls, < 185 grams;Import;444530;5539;Weight in kilograms;5539;01_live_animals
Brazil;1999;010600;Animals, live, except farm animals;Import;339135;15581;Weight in kilograms;15581;01_live_animals
Brazil;1999;010600;Animals, live, except farm animals;Export;159463;22799;Weight in kilograms;22799;01_live_animals
Brazil;1998;010111;Horses, live pure-bred breeding;Import;1011766;116674;Weight in kilograms;116674;01_live_animals
Brazil;1998;010111;Horses, live pure-bred breeding;Export;611771;87063;Weight in kilograms;87063;01_live_animals
Brazil;1998;010119;Horses, live except pure-bred breeding;Import;599683;69034;Weight in kilograms;69034;01_live_animals
Brazil;1998;010119;Horses, live except pure-bred breeding;Export;104115;14712;Weight in kilograms;14712;01_live_animals
Brazil;1998;010210;Bovine animals, live pure-bred breeding;Import;3669641;793280;Weight in kilograms;793280;01_live_animals
Brazil;1998;010210;Bovine animals, live pure-bred breeding;Export;385197;141080;Weight in kilograms;141080;01_live_animals
Brazil;1998;010290;Bovine animals, live, except pure-bred breeding;Import;41843860;42669344;Weight in kilograms;42669344;01_live_animals
Brazil;1998;010290;Bovine animals, live, except pure-bred breeding;Export;719322;791288;Weight in kilograms;791288;01_live_animals
Brazil;1998;010310;Swine, live pure-bred breeding;Import;1106195;39644;Weight in kilograms;39644;01_live_animals
Brazil;1998;010310;Swine, live pure-bred breeding;Export;27949;6750;Weight in kilograms;6750;01_live_animals
Brazil;1998;010410;Sheep, live;Import;3186805;5020878;Weight in kilograms;5020878;01_live_animals
Brazil;1998;010420;Goats, live;Import;273337;8999;Weight in kilograms;8999;01_live_animals
Brazil;1998;010511;Fowls, live domestic < 185 grams;Import;15435327;95835;Weight in kilograms;95835;01_live_animals
Brazil;1998;010511;Fowls, live domestic < 185 grams;Export;5143000;547220;Weight in kilograms;547220;01_live_animals
Brazil;1998;010519;Poultry, live except domestic fowls, < 185 grams;Import;182435;3644;Weight in kilograms;3644;01_live_animals
Brazil;1998;010599;Poultry, live except domestic fowls, > 185 grams;Import;5496;30;Weight in kilograms;30;01_live_animals
Brazil;1998;010600;Animals, live, except farm animals;Import;384688;14167;Weight in kilograms;14167;01_live_animals
Brazil;1998;010600;Animals, live, except farm animals;Export;192507;39581;Weight in kilograms;39581;01_live_animals
Brazil;1997;010111;Horses, live pure-bred breeding;Import;1500983;119142;Weight in kilograms;119142;01_live_animals
Brazil;1997;010111;Horses, live pure-bred breeding;Export;642159;75237;Weight in kilograms;75237;01_live_animals
Brazil;1997;010119;Horses, live except pure-bred breeding;Import;811940;101624;Weight in kilograms;101624;01_live_animals
Brazil;1997;010119;Horses, live except pure-bred breeding;Export;60690;16062;Weight in kilograms;16062;01_live_animals
Brazil;1997;010210;Bovine animals, live pure-bred breeding;Import;5521717;1486687;Weight in kilograms;1486687;01_live_animals
Brazil;1997;010210;Bovine animals, live pure-bred breeding;Export;142286;58898;Weight in kilograms;58898;01_live_animals
Brazil;1997;010290;Bovine animals, live, except pure-bred breeding;Import;52714328;51416152;Weight in kilograms;51416152;01_live_animals
Brazil;1997;010290;Bovine animals, live, except pure-bred breeding;Export;330665;522917;Weight in kilograms;522917;01_live_animals
Brazil;1997;010310;Swine, live pure-bred breeding;Import;540738;26437;Weight in kilograms;26437;01_live_animals
Brazil;1997;010391;Swine, live except pure-bred breeding < 50 kg;Import;43472;1500;Weight in kilograms;1500;01_live_animals
Brazil;1997;010410;Sheep, live;Import;5059423;9199691;Weight in kilograms;9199691;01_live_animals
Brazil;1997;010410;Sheep, live;Export;88104;28261;Weight in kilograms;28261;01_live_animals
Brazil;1997;010420;Goats, live;Import;165227;5659;Weight in kilograms;5659;01_live_animals
Brazil;1997;010420;Goats, live;Export;11050;582;Weight in kilograms;582;01_live_animals
Brazil;1997;010511;Fowls, live domestic < 185 grams;Import;15800327;83904;Weight in kilograms;83904;01_live_animals
Brazil;1997;010511;Fowls, live domestic < 185 grams;Export;5496031;642750;Weight in kilograms;642750;01_live_animals
Brazil;1997;010519;Poultry, live except domestic fowls, < 185 grams;Import;54565;828;Weight in kilograms;828;01_live_animals
Brazil;1997;010519;Poultry, live except domestic fowls, < 185 grams;Export;1572;214;Weight in kilograms;214;01_live_animals
Brazil;1997;010591;Fowls, live domestic > 185 grams;Export;505;29;Weight in kilograms;29;01_live_animals
Brazil;1997;010599;Poultry, live except domestic fowls, > 185 grams;Import;330143;8719;Weight in kilograms;8719;01_live_animals
Brazil;1997;010599;Poultry, live except domestic fowls, > 185 grams;Export;1354;23;Weight in kilograms;23;01_live_animals
Brazil;1997;010600;Animals, live, except farm animals;Import;1764368;38310;Weight in kilograms;38310;01_live_animals
Brazil;1997;010600;Animals, live, except farm animals;Export;86509;14601;Weight in kilograms;14601;01_live_animals
Brazil;1996;010111;Horses, live pure-bred breeding;Import;1511414;124626;Weight in kilograms;124626;01_live_animals
Brazil;1996;010111;Horses, live pure-bred breeding;Export;148741;40465;Weight in kilograms;40465;01_live_animals
Brazil;1996;010119;Horses, live except pure-bred breeding;Import;667274;188432;Weight in kilograms;188432;01_live_animals
Brazil;1996;010119;Horses, live except pure-bred breeding;Export;109198;20038;Weight in kilograms;20038;01_live_animals
Brazil;1996;010210;Bovine animals, live pure-bred breeding;Import;7230389;2341027;Weight in kilograms;2341027;01_live_animals
Brazil;1996;010210;Bovine animals, live pure-bred breeding;Export;520549;134878;Weight in kilograms;134878;01_live_animals
Brazil;1996;010290;Bovine animals, live, except pure-bred breeding;Import;37981368;41309032;Weight in kilograms;41309032;01_live_animals
Brazil;1996;010290;Bovine animals, live, except pure-bred breeding;Export;1139124;1775143;Weight in kilograms;1775143;01_live_animals
Brazil;1996;010310;Swine, live pure-bred breeding;Import;1321808;54507;Weight in kilograms;54507;01_live_animals
Brazil;1996;010391;Swine, live except pure-bred breeding < 50 kg;Import;1341;117;Weight in kilograms;117;01_live_animals
Brazil;1996;010410;Sheep, live;Import;2816177;5713953;Weight in kilograms;5713953;01_live_animals
Brazil;1996;010410;Sheep, live;Export;146089;30819;Weight in kilograms;30819;01_live_animals
Brazil;1996;010420;Goats, live;Import;357661;8874;Weight in kilograms;8874;01_live_animals
Brazil;1996;010420;Goats, live;Export;15040;3812;Weight in kilograms;3812;01_live_animals
Brazil;1996;010511;Fowls, live domestic < 185 grams;Import;14690007;82708;Weight in kilograms;82708;01_live_animals
Brazil;1996;010511;Fowls, live domestic < 185 grams;Export;3687078;291888;Weight in kilograms;291888;01_live_animals
Brazil;1996;010519;Poultry, live except domestic fowls, < 185 grams;Import;526304;1234;Weight in kilograms;1234;01_live_animals
Brazil;1996;010599;Poultry, live except domestic fowls, > 185 grams;Import;264163;11197;Weight in kilograms;11197;01_live_animals
Brazil;1996;010600;Animals, live, except farm animals;Import;547251;17795;Weight in kilograms;17795;01_live_animals
Brazil;1996;010600;Animals, live, except farm animals;Export;75620;10299;Weight in kilograms;10299;01_live_animals
Brazil;1995;010111;Horses, live pure-bred breeding;Import;2567792;214437;Weight in kilograms;214437;01_live_animals
Brazil;1995;010111;Horses, live pure-bred breeding;Export;193893;33401;Weight in kilograms;33401;01_live_animals
Brazil;1995;010119;Horses, live except pure-bred breeding;Import;750400;160739;Weight in kilograms;160739;01_live_animals
Brazil;1995;010119;Horses, live except pure-bred breeding;Export;85701;28670;Weight in kilograms;28670;01_live_animals
Brazil;1995;010210;Bovine animals, live pure-bred breeding;Import;21290738;6332445;Weight in kilograms;6332445;01_live_animals
Brazil;1995;010210;Bovine animals, live pure-bred breeding;Export;59480;6749;Weight in kilograms;6749;01_live_animals
Brazil;1995;010290;Bovine animals, live, except pure-bred breeding;Import;108897808;126427408;Weight in kilograms;126427408;01_live_animals
Brazil;1995;010290;Bovine animals, live, except pure-bred breeding;Export;330498;361436;Weight in kilograms;361436;01_live_animals
Brazil;1995;010310;Swine, live pure-bred breeding;Import;2821532;119874;Weight in kilograms;119874;01_live_animals
Brazil;1995;010310;Swine, live pure-bred breeding;Export;34147;15062;Weight in kilograms;15062;01_live_animals
Brazil;1995;010410;Sheep, live;Import;1681681;2005811;Weight in kilograms;2005811;01_live_animals
Brazil;1995;010410;Sheep, live;Export;10379;4648;Weight in kilograms;4648;01_live_animals
Brazil;1995;010420;Goats, live;Import;88941;2246;Weight in kilograms;2246;01_live_animals
Brazil;1995;010511;Fowls, live domestic < 185 grams;Import;16214738;73092;Weight in kilograms;73092;01_live_animals
Brazil;1995;010511;Fowls, live domestic < 185 grams;Export;4298885;455790;Weight in kilograms;455790;01_live_animals
Brazil;1995;010519;Poultry, live except domestic fowls, < 185 grams;Import;59367;317;Weight in kilograms;317;01_live_animals
Brazil;1995;010599;Poultry, live except domestic fowls, > 185 grams;Import;173699;5299;Weight in kilograms;5299;01_live_animals
Brazil;1995;010600;Animals, live, except farm animals;Import;391599;26027;Weight in kilograms;26027;01_live_animals
Brazil;1995;010600;Animals, live, except farm animals;Export;77457;8677;Weight in kilograms;8677;01_live_animals
Brazil;1994;010111;Horses, live pure-bred breeding;Import;1709754;128217;Weight in kilograms;128217;01_live_animals
Brazil;1994;010111;Horses, live pure-bred breeding;Export;397834;61283;Weight in kilograms;61283;01_live_animals
Brazil;1994;010119;Horses, live except pure-bred breeding;Import;575518;100997;Weight in kilograms;100997;01_live_animals
Brazil;1994;010119;Horses, live except pure-bred breeding;Export;190049;49311;Weight in kilograms;49311;01_live_animals
Brazil;1994;010210;Bovine animals, live pure-bred breeding;Import;12635552;3177731;Weight in kilograms;3177731;01_live_animals
Brazil;1994;010210;Bovine animals, live pure-bred breeding;Export;1048053;510452;Weight in kilograms;510452;01_live_animals
Brazil;1994;010290;Bovine animals, live, except pure-bred breeding;Import;95499320;104899312;Weight in kilograms;104899312;01_live_animals
Brazil;1994;010290;Bovine animals, live, except pure-bred breeding;Export;388510;148648;Weight in kilograms;148648;01_live_animals
Brazil;1994;010310;Swine, live pure-bred breeding;Import;722779;13749;Weight in kilograms;13749;01_live_animals
Brazil;1994;010310;Swine, live pure-bred breeding;Export;21199;3663;Weight in kilograms;3663;01_live_animals
Brazil;1994;010391;Swine, live except pure-bred breeding < 50 kg;Import;59136;2000;Weight in kilograms;2000;01_live_animals
Brazil;1994;010410;Sheep, live;Import;2936316;4641947;Weight in kilograms;4641947;01_live_animals
Brazil;1994;010410;Sheep, live;Export;82708;21764;Weight in kilograms;21764;01_live_animals
Brazil;1994;010420;Goats, live;Import;56626;2812;Weight in kilograms;2812;01_live_animals
Brazil;1994;010420;Goats, live;Export;5520;2187;Weight in kilograms;2187;01_live_animals
Brazil;1994;010511;Fowls, live domestic < 185 grams;Import;10359228;37774;Weight in kilograms;37774;01_live_animals
Brazil;1994;010511;Fowls, live domestic < 185 grams;Export;2576612;279546;Weight in kilograms;279546;01_live_animals
Brazil;1994;010519;Poultry, live except domestic fowls, < 185 grams;Import;100671;380;Weight in kilograms;380;01_live_animals
Brazil;1994;010591;Fowls, live domestic > 185 grams;Import;1246;11;Weight in kilograms;11;01_live_animals
Brazil;1994;010599;Poultry, live except domestic fowls, > 185 grams;Import;93488;1750;Weight in kilograms;1750;01_live_animals
Brazil;1994;010600;Animals, live, except farm animals;Import;222755;7431;Weight in kilograms;7431;01_live_animals
Brazil;1994;010600;Animals, live, except farm animals;Export;121361;25061;Weight in kilograms;25061;01_live_animals
Brazil;1993;010111;Horses, live pure-bred breeding;Import;1916010;153304;Weight in kilograms;153304;01_live_animals
Brazil;1993;010111;Horses, live pure-bred breeding;Export;176703;35221;Weight in kilograms;35221;01_live_animals
Brazil;1993;010119;Horses, live except pure-bred breeding;Import;390065;36187;Weight in kilograms;36187;01_live_animals
Brazil;1993;010119;Horses, live except pure-bred breeding;Export;195776;56686;Weight in kilograms;56686;01_live_animals
Brazil;1993;010210;Bovine animals, live pure-bred breeding;Import;9470524;1903553;Weight in kilograms;1903553;01_live_animals
Brazil;1993;010210;Bovine animals, live pure-bred breeding;Export;90437;54874;Weight in kilograms;54874;01_live_animals
Brazil;1993;010290;Bovine animals, live, except pure-bred breeding;Import;20110702;18966310;Weight in kilograms;18966310;01_live_animals
Brazil;1993;010290;Bovine animals, live, except pure-bred breeding;Export;525392;461776;Weight in kilograms;461776;01_live_animals
Brazil;1993;010310;Swine, live pure-bred breeding;Import;156726;7437;Weight in kilograms;7437;01_live_animals
Brazil;1993;010310;Swine, live pure-bred breeding;Export;335566;50929;Weight in kilograms;50929;01_live_animals
Brazil;1993;010392;Swine, live except pure-bred breeding > 50 kg;Export;118549;54386;Weight in kilograms;54386;01_live_animals
Brazil;1993;010410;Sheep, live;Import;2018826;3197686;Weight in kilograms;3197686;01_live_animals
Brazil;1993;010410;Sheep, live;Export;13156;14226;Weight in kilograms;14226;01_live_animals
Brazil;1993;010420;Goats, live;Export;6452;4636;Weight in kilograms;4636;01_live_animals
Brazil;1993;010511;Fowls, live domestic < 185 grams;Import;10920668;35767;Weight in kilograms;35767;01_live_animals
Brazil;1993;010511;Fowls, live domestic < 185 grams;Export;8992833;2884927;Weight in kilograms;2884927;01_live_animals
Brazil;1993;010519;Poultry, live except domestic fowls, < 185 grams;Import;21282;230;Weight in kilograms;230;01_live_animals
Brazil;1993;010519;Poultry, live except domestic fowls, < 185 grams;Export;46110;3523;Weight in kilograms;3523;01_live_animals
Brazil;1993;010599;Poultry, live except domestic fowls, > 185 grams;Import;31110;664;Weight in kilograms;664;01_live_animals
Brazil;1993;010600;Animals, live, except farm animals;Import;88040;1776;Weight in kilograms;1776;01_live_animals
Brazil;1993;010600;Animals, live, except farm animals;Export;168238;46629;Weight in kilograms;46629;01_live_animals
Brazil;1992;010111;Horses, live pure-bred breeding;Import;2256503;181137;Weight in kilograms;181137;01_live_animals
Brazil;1992;010111;Horses, live pure-bred breeding;Export;215230;30458;Weight in kilograms;30458;01_live_animals
Brazil;1992;010119;Horses, live except pure-bred breeding;Import;206114;22624;Weight in kilograms;22624;01_live_animals
Brazil;1992;010119;Horses, live except pure-bred breeding;Export;90874;28880;Weight in kilograms;28880;01_live_animals
Brazil;1992;010210;Bovine animals, live pure-bred breeding;Import;7249926;1301420;Weight in kilograms;1301420;01_live_animals
Brazil;1992;010210;Bovine animals, live pure-bred breeding;Export;782899;452748;Weight in kilograms;452748;01_live_animals
Brazil;1992;010290;Bovine animals, live, except pure-bred breeding;Import;7207388;5075067;Weight in kilograms;5075067;01_live_animals
Brazil;1992;010290;Bovine animals, live, except pure-bred breeding;Export;208625;381812;Weight in kilograms;381812;01_live_animals
Brazil;1992;010310;Swine, live pure-bred breeding;Import;78182;3687;Weight in kilograms;3687;01_live_animals
Brazil;1992;010391;Swine, live except pure-bred breeding < 50 kg;Export;27248;4312;Weight in kilograms;4312;01_live_animals
Brazil;1992;010392;Swine, live except pure-bred breeding > 50 kg;Export;162731;159445;Weight in kilograms;159445;01_live_animals
Brazil;1992;010410;Sheep, live;Import;220359;127115;Weight in kilograms;127115;01_live_animals
Brazil;1992;010410;Sheep, live;Export;13618;11296;Weight in kilograms;11296;01_live_animals
Brazil;1992;010420;Goats, live;Export;15820;1812;Weight in kilograms;1812;01_live_animals
Brazil;1992;010511;Fowls, live domestic < 185 grams;Import;13024407;41508;Weight in kilograms;41508;01_live_animals
Brazil;1992;010511;Fowls, live domestic < 185 grams;Export;11758152;1584262;Weight in kilograms;1584262;01_live_animals
Brazil;1992;010519;Poultry, live except domestic fowls, < 185 grams;Import;22968;145;Weight in kilograms;145;01_live_animals
Brazil;1992;010519;Poultry, live except domestic fowls, < 185 grams;Export;99;50;Weight in kilograms;50;01_live_animals
Brazil;1992;010599;Poultry, live except domestic fowls, > 185 grams;Import;47146;811;Weight in kilograms;811;01_live_animals
Brazil;1992;010600;Animals, live, except farm animals;Import;436451;9134;Weight in kilograms;9134;01_live_animals
Brazil;1992;010600;Animals, live, except farm animals;Export;169898;51055;Weight in kilograms;51055;01_live_animals
Brazil;1991;010111;Horses, live pure-bred breeding;Import;6030544;263146;Weight in kilograms;263146;01_live_animals
Brazil;1991;010111;Horses, live pure-bred breeding;Export;54850;8396;Weight in kilograms;8396;01_live_animals
Brazil;1991;010119;Horses, live except pure-bred breeding;Import;631846;638562;Weight in kilograms;638562;01_live_animals
Brazil;1991;010119;Horses, live except pure-bred breeding;Export;107501;13647;Weight in kilograms;13647;01_live_animals
Brazil;1991;010120;Asses, mules and hinnies, live;Export;6000;7000;Weight in kilograms;7000;01_live_animals
Brazil;1991;010210;Bovine animals, live pure-bred breeding;Import;9751291;1568881;Weight in kilograms;1568881;01_live_animals
Brazil;1991;010210;Bovine animals, live pure-bred breeding;Export;1947973;236581;Weight in kilograms;236581;01_live_animals
Brazil;1991;010290;Bovine animals, live, except pure-bred breeding;Import;7521720;7645502;Weight in kilograms;7645502;01_live_animals
Brazil;1991;010290;Bovine animals, live, except pure-bred breeding;Export;164098;182635;Weight in kilograms;182635;01_live_animals
Brazil;1991;010310;Swine, live pure-bred breeding;Import;157965;5975;Weight in kilograms;5975;01_live_animals
Brazil;1991;010310;Swine, live pure-bred breeding;Export;21418;8718;Weight in kilograms;8718;01_live_animals
Brazil;1991;010392;Swine, live except pure-bred breeding > 50 kg;Export;113740;29820;Weight in kilograms;29820;01_live_animals
Brazil;1991;010410;Sheep, live;Import;566500;376841;Weight in kilograms;376841;01_live_animals
Brazil;1991;010410;Sheep, live;Export;4609;4421;Weight in kilograms;4421;01_live_animals
Brazil;1991;010420;Goats, live;Import;60508;1550;Weight in kilograms;1550;01_live_animals
Brazil;1991;010420;Goats, live;Export;8832;2550;Weight in kilograms;2550;01_live_animals
Brazil;1991;010511;Fowls, live domestic < 185 grams;Import;13962923;41842;Weight in kilograms;41842;01_live_animals
Brazil;1991;010511;Fowls, live domestic < 185 grams;Export;3341976;151365;Weight in kilograms;151365;01_live_animals
Brazil;1991;010519;Poultry, live except domestic fowls, < 185 grams;Import;45995;378;Weight in kilograms;378;01_live_animals
Brazil;1991;010599;Poultry, live except domestic fowls, > 185 grams;Import;33229;525;Weight in kilograms;525;01_live_animals
Brazil;1991;010600;Animals, live, except farm animals;Import;572070;7038;Weight in kilograms;7038;01_live_animals
Brazil;1991;010600;Animals, live, except farm animals;Export;85291;28985;Weight in kilograms;28985;01_live_animals
Brazil;1990;010111;Horses, live pure-bred breeding;Import;13382128;345546;Weight in kilograms;345546;01_live_animals
Brazil;1990;010111;Horses, live pure-bred breeding;Export;115595;6358;Weight in kilograms;6358;01_live_animals
Brazil;1990;010119;Horses, live except pure-bred breeding;Import;482934;200526;Weight in kilograms;200526;01_live_animals
Brazil;1990;010119;Horses, live except pure-bred breeding;Export;117000;15937;Weight in kilograms;15937;01_live_animals
Brazil;1990;010210;Bovine animals, live pure-bred breeding;Import;15645175;1439876;Weight in kilograms;1439876;01_live_animals
Brazil;1990;010210;Bovine animals, live pure-bred breeding;Export;1566052;157835;Weight in kilograms;157835;01_live_animals
Brazil;1990;010290;Bovine animals, live, except pure-bred breeding;Import;27521886;29885964;Weight in kilograms;29885964;01_live_animals
Brazil;1990;010290;Bovine animals, live, except pure-bred breeding;Export;395741;351420;Weight in kilograms;351420;01_live_animals
Brazil;1990;010310;Swine, live pure-bred breeding;Import;583960;41335;Weight in kilograms;41335;01_live_animals
Brazil;1990;010310;Swine, live pure-bred breeding;Export;57000;8375;Weight in kilograms;8375;01_live_animals
Brazil;1990;010410;Sheep, live;Import;1633663;778373;Weight in kilograms;778373;01_live_animals
Brazil;1990;010410;Sheep, live;Export;6649;5625;Weight in kilograms;5625;01_live_animals
Brazil;1990;010511;Fowls, live domestic < 185 grams;Import;13863035;42272;Weight in kilograms;42272;01_live_animals
Brazil;1990;010511;Fowls, live domestic < 185 grams;Export;1445800;45962;Weight in kilograms;45962;01_live_animals
Brazil;1990;010519;Poultry, live except domestic fowls, < 185 grams;Import;202374;1797;Weight in kilograms;1797;01_live_animals
Brazil;1990;010591;Fowls, live domestic > 185 grams;Import;1922;31;Weight in kilograms;31;01_live_animals
Brazil;1990;010599;Poultry, live except domestic fowls, > 185 grams;Import;142039;3065;Weight in kilograms;3065;01_live_animals
Brazil;1990;010600;Animals, live, except farm animals;Import;1343628;7825;Weight in kilograms;7825;01_live_animals
Brazil;1990;010600;Animals, live, except farm animals;Export;62892;19063;Weight in kilograms;19063;01_live_animals
Brazil;1989;010111;Horses, live pure-bred breeding;Import;9859797;239639;Weight in kilograms;239639;01_live_animals
Brazil;1989;010111;Horses, live pure-bred breeding;Export;38800;7771;Weight in kilograms;7771;01_live_animals
Brazil;1989;010119;Horses, live except pure-bred breeding;Import;402502;176359;Weight in kilograms;176359;01_live_animals
Brazil;1989;010119;Horses, live except pure-bred breeding;Export;126952;32874;Weight in kilograms;32874;01_live_animals
Brazil;1989;010120;Asses, mules and hinnies, live;Export;20000;2812;Weight in kilograms;2812;01_live_animals
Brazil;1989;010210;Bovine animals, live pure-bred breeding;Import;14382412;1102513;Weight in kilograms;1102513;01_live_animals
Brazil;1989;010210;Bovine animals, live pure-bred breeding;Export;1478544;207964;Weight in kilograms;207964;01_live_animals
Brazil;1989;010290;Bovine animals, live, except pure-bred breeding;Import;35435068;49255528;Weight in kilograms;49255528;01_live_animals
Brazil;1989;010290;Bovine animals, live, except pure-bred breeding;Export;482348;324108;Weight in kilograms;324108;01_live_animals
Brazil;1989;010310;Swine, live pure-bred breeding;Import;444983;29429;Weight in kilograms;29429;01_live_animals
Brazil;1989;010310;Swine, live pure-bred breeding;Export;14150;24753;Weight in kilograms;24753;01_live_animals
Brazil;1989;010410;Sheep, live;Import;606941;303228;Weight in kilograms;303228;01_live_animals
Brazil;1989;010410;Sheep, live;Export;15564;9000;Weight in kilograms;9000;01_live_animals
Brazil;1989;010420;Goats, live;Import;24738;843;Weight in kilograms;843;01_live_animals
Brazil;1989;010420;Goats, live;Export;2137;1515;Weight in kilograms;1515;01_live_animals
Brazil;1989;010511;Fowls, live domestic < 185 grams;Import;11711704;39348;Weight in kilograms;39348;01_live_animals
Brazil;1989;010511;Fowls, live domestic < 185 grams;Export;1249136;42302;Weight in kilograms;42302;01_live_animals
Brazil;1989;010519;Poultry, live except domestic fowls, < 185 grams;Import;507475;1156;Weight in kilograms;1156;01_live_animals
Brazil;1989;010591;Fowls, live domestic > 185 grams;Import;700;121;Weight in kilograms;121;01_live_animals
Brazil;1989;010599;Poultry, live except domestic fowls, > 185 grams;Import;37542;387;Weight in kilograms;387;01_live_animals
Brazil;1989;010600;Animals, live, except farm animals;Import;727083;6785;Weight in kilograms;6785;01_live_animals
Brazil;1989;010600;Animals, live, except farm animals;Export;92071;20457;Weight in kilograms;20457;01_live_animals
Brunei Darussalam;2015;010119;Horses, live except pure-bred breeding;Import;131;6;Number of items;30;01_live_animals
Brunei Darussalam;2015;010120;Asses, mules and hinnies, live;Import;872;;Number of items;3;01_live_animals
Brunei Darussalam;2015;010120;Asses, mules and hinnies, live;Export;410;;Number of items;3;01_live_animals
Brunei Darussalam;2015;010290;Bovine animals, live, except pure-bred breeding;Import;9543381;2140821;Number of items;9306;01_live_animals
Brunei Darussalam;2015;010410;Sheep, live;Import;310565;;Number of items;1635;01_live_animals
Brunei Darussalam;2015;010420;Goats, live;Import;371540;61127;Number of items;6169;01_live_animals
Brunei Darussalam;2015;010511;Fowls, live domestic < 185 grams;Import;532068;10461;Number of items;360649;01_live_animals
Brunei Darussalam;2015;010519;Poultry, live except domestic fowls, < 185 grams;Import;310177;;Number of items;121644;01_live_animals
Brunei Darussalam;2015;010591;Fowls, live domestic > 185 grams;Import;239937;;Number of items;277020;01_live_animals
Brunei Darussalam;2015;010600;Animals, live, except farm animals;Import;637214;;Number of items;233089;01_live_animals
Brunei Darussalam;2015;010600;Animals, live, except farm animals;Export;81336;;Number of items;81;01_live_animals
Brunei Darussalam;2014;010120;Asses, mules and hinnies, live;Export;2119;;Number of items;7;01_live_animals
Brunei Darussalam;2014;010120;Asses, mules and hinnies, live;Import;21631;;Number of items;19;01_live_animals
Brunei Darussalam;2014;010290;Bovine animals, live, except pure-bred breeding;Import;7762974;1790377;Number of items;8091;01_live_animals
Brunei Darussalam;2014;010420;Goats, live;Import;111085;13494;Number of items;485;01_live_animals
Brunei Darussalam;2014;010511;Fowls, live domestic < 185 grams;Import;301667;5551;Number of items;213812;01_live_animals
Brunei Darussalam;2014;010519;Poultry, live except domestic fowls, < 185 grams;Import;274214;57;Number of items;112676;01_live_animals
Brunei Darussalam;2014;010591;Fowls, live domestic > 185 grams;Import;320883;179422;Number of items;336000;01_live_animals
Brunei Darussalam;2014;010600;Animals, live, except farm animals;Export;65554;;Number of items;80;01_live_animals
Brunei Darussalam;2014;010600;Animals, live, except farm animals;Import;406637;10625;Number of items;7941;01_live_animals
Brunei Darussalam;2013;010120;Asses, mules and hinnies, live;Export;3600;;Number of items;11;01_live_animals
Brunei Darussalam;2013;010120;Asses, mules and hinnies, live;Import;24580;;Number of items;26;01_live_animals
Brunei Darussalam;2013;010290;Bovine animals, live, except pure-bred breeding;Import;7320308;1136203;Number of items;7234;01_live_animals
Brunei Darussalam;2013;010410;Sheep, live;Import;15459;;Number of items;75;01_live_animals
Brunei Darussalam;2013;010420;Goats, live;Import;607415;115193;Number of items;1846;01_live_animals
Brunei Darussalam;2013;010511;Fowls, live domestic < 185 grams;Import;457187;8295;Number of items;289592;01_live_animals
Brunei Darussalam;2013;010519;Poultry, live except domestic fowls, < 185 grams;Import;141207;;Number of items;66773;01_live_animals
Brunei Darussalam;2013;010591;Fowls, live domestic > 185 grams;Import;387816;338325;Number of items;408000;01_live_animals
Brunei Darussalam;2013;010599;Poultry, live except domestic fowls, > 185 grams;Import;33971;18286;Number of items;9671;01_live_animals
Brunei Darussalam;2013;010600;Animals, live, except farm animals;Export;15558;324;Number of items;73;01_live_animals
Brunei Darussalam;2013;010600;Animals, live, except farm animals;Import;285281;;Number of items;14016;01_live_animals
Brunei Darussalam;2012;010119;Horses, live except pure-bred breeding;Import;22684;808;No Quantity;;01_live_animals
Brunei Darussalam;2012;010119;Horses, live except pure-bred breeding;Export;1363;;No Quantity;;01_live_animals
Brunei Darussalam;2012;010290;Bovine animals, live, except pure-bred breeding;Import;7302362;2167103;Number of items;8104;01_live_animals
Brunei Darussalam;2012;010420;Goats, live;Import;422203;;Number of items;4198;01_live_animals
Brunei Darussalam;2012;010511;Fowls, live domestic < 185 grams;Import;471749;8703;Number of items;147394;01_live_animals
Brunei Darussalam;2012;010519;Poultry, live except domestic fowls, < 185 grams;Import;65675;;Number of items;19196;01_live_animals
Brunei Darussalam;2012;010591;Fowls, live domestic > 185 grams;Import;382158;;No Quantity;;01_live_animals
Brunei Darussalam;2012;010600;Animals, live, except farm animals;Import;164182;3373;No Quantity;;01_live_animals
Brunei Darussalam;2012;010600;Animals, live, except farm animals;Export;45433;;No Quantity;;01_live_animals
Brunei Darussalam;2006;010111;Horses, live pure-bred breeding;Import;94493;4587;Number of items;11;01_live_animals
Brunei Darussalam;2006;010119;Horses, live except pure-bred breeding;Import;48866;7486;Number of items;8;01_live_animals
Brunei Darussalam;2006;010119;Horses, live except pure-bred breeding;Export;171297;17059;Number of items;72;01_live_animals
Brunei Darussalam;2006;010120;Asses, mules and hinnies, live;Import;5906;;Number of items;15;01_live_animals
Brunei Darussalam;2006;010210;Bovine animals, live pure-bred breeding;Import;222235;73975;Number of items;278;01_live_animals
Brunei Darussalam;2006;010290;Bovine animals, live, except pure-bred breeding;Import;6982167;2843417;Number of items;9079;01_live_animals
Brunei Darussalam;2006;010290;Bovine animals, live, except pure-bred breeding;Export;2961;1356;Number of items;2;01_live_animals
Brunei Darussalam;2006;010420;Goats, live;Import;128233;47258;Number of items;1058;01_live_animals
Brunei Darussalam;2006;010420;Goats, live;Export;8953;3548;Number of items;70;01_live_animals
Brunei Darussalam;2006;010511;Fowls, live domestic < 185 grams;Import;790512;12597;Number of items;864180;01_live_animals
Brunei Darussalam;2006;010519;Poultry, live except domestic fowls, < 185 grams;Import;10342;444;Number of items;20000;01_live_animals
Brunei Darussalam;2006;010591;Fowls, live domestic > 185 grams;Import;12291;1341;Number of items;19100;01_live_animals
Brunei Darussalam;2006;010599;Poultry, live except domestic fowls, > 185 grams;Import;138776;;Number of items;5080;01_live_animals
Brunei Darussalam;2006;010599;Poultry, live except domestic fowls, > 185 grams;Export;32161;11921;Number of items;40;01_live_animals
Brunei Darussalam;2006;010600;Animals, live, except farm animals;Import;30445;;Number of items;2232;01_live_animals
Brunei Darussalam;2006;010600;Animals, live, except farm animals;Export;14528;403;Number of items;29;01_live_animals
Brunei Darussalam;2004;010119;Horses, live except pure-bred breeding;Import;6321;968;Number of items;166;01_live_animals
Brunei Darussalam;2004;010210;Bovine animals, live pure-bred breeding;Import;5991794;1994492;Number of items;8206;01_live_animals
Brunei Darussalam;2004;010290;Bovine animals, live, except pure-bred breeding;Import;5587546;2275472;Number of items;242564;01_live_animals
Brunei Darussalam;2004;010410;Sheep, live;Export;579;274;Number of items;1;01_live_animals
Brunei Darussalam;2004;010420;Goats, live;Import;809470;298313;Number of items;3486;01_live_animals
Brunei Darussalam;2004;010420;Goats, live;Export;13261;5256;Number of items;100;01_live_animals
Brunei Darussalam;2004;010511;Fowls, live domestic < 185 grams;Import;624099;9945;Number of items;2237446;01_live_animals
Brunei Darussalam;2004;010519;Poultry, live except domestic fowls, < 185 grams;Import;110674;5013;Number of items;1242541;01_live_animals
Brunei Darussalam;2004;010591;Fowls, live domestic > 185 grams;Import;134;74;Number of items;300;01_live_animals
Brunei Darussalam;2004;010599;Poultry, live except domestic fowls, > 185 grams;Import;549;;Number of items;7375;01_live_animals
Brunei Darussalam;2004;010600;Animals, live, except farm animals;Import;44421;1242;Number of items;45181;01_live_animals
Brunei Darussalam;2004;010600;Animals, live, except farm animals;Export;47947;1515;Number of items;89;01_live_animals
Brunei Darussalam;2003;010111;Horses, live pure-bred breeding;Import;69;0;Number of items;1;01_live_animals
Brunei Darussalam;2003;010120;Asses, mules and hinnies, live;Import;16936;0;No Quantity;0;01_live_animals
Brunei Darussalam;2003;010210;Bovine animals, live pure-bred breeding;Import;11745019;0;Number of items;22740;01_live_animals
Brunei Darussalam;2003;010210;Bovine animals, live pure-bred breeding;Export;44889;0;Number of items;86;01_live_animals
Brunei Darussalam;2003;010210;Bovine animals, live pure-bred breeding;Re-Export;6533;0;Number of items;10;01_live_animals
Brunei Darussalam;2003;010290;Bovine animals, live, except pure-bred breeding;Import;147;0;Number of items;1;01_live_animals
Brunei Darussalam;2003;010310;Swine, live pure-bred breeding;Import;361;0;No Quantity;0;01_live_animals
